EIN,NAME,ICO,STREET,CITY,STATE,ZIP,GROUP,SUBSECTION,AFFILIATION,CLASSIFICATION,RULING,DEDUCTIBILITY,FOUNDATION,ACTIVITY,ORGANIZATION,STATUS,TAX_PERIOD,ASSET_CD,INCOME_CD,FILING_REQ_CD,PF_FILING_REQ_CD,ACCT_PD,ASSET_AMT,INCOME_AMT,REVENUE_AMT,NTEE_CD,SORT_NAME,REGION,addr,Lat,Lng
990286056,UNITED WAY STATEWIDE ASSOCIATION OF HAWAII,% LINDA NELSON,200 N VINEYARD BLVD STE 700,HONOLULU,HI,96817-3952,0,3,3,1000,199505,1,15,320000000,1,1,201612.0,0,0,2,0,12,0.0,0.0,0.0,Z99Z,,Gulf Coast and Pacific Coast Areas,"200 N VINEYARD BLVD, HONOLULU, HI, 96817",21.317381,-157.859344
592116280,UNITED WAY OF CENTRAL FLORIDA INC,% ROBI CASHBAUGH,5605 US HIGHWAY 98 S,LAKELAND,FL,33812-0000,0,3,3,1000,198110,1,15,600000000,1,1,201706.0,8,8,1,0,6,30062641.0,12470867.0,11677226.0,T700,,Gulf Coast and Pacific Coast Areas,"5605 US HIGHWAY 98 S, LAKELAND, FL, 33812",28.0321216,-81.9339459
590808854,HEART OF FLORIDA UNITED WAY,% DR NELSON YING CENTER,1940 TRAYLOR BLVD,ORLANDO,FL,32804-4714,0,3,3,1000,194207,1,15,927000000,1,1,201706.0,8,8,1,0,6,30569493.0,39504270.0,30933845.0,T70,,Gulf Coast and Pacific Coast Areas,"1940 TRAYLOR BLVD, ORLANDO, FL, 32804",28.5735549,-81.4097452
720867661,UNITED WAY FOR SOUTH LOUISIANA,,600 ACADEMY ST,HOUMA,LA,70360-5602,0,3,3,1000,197912,1,15,602600994,1,1,201712.0,6,5,1,0,12,1262849.0,847766.0,847766.0,,,Gulf Coast and Pacific Coast Areas,"600 ACADEMY ST, HOUMA, LA, 70360",29.5920075,-90.7216828
590808855,UNITED WAY OF NORTH CENTRAL FLORIDA INC,,6031 NW 1ST PL,GAINESVILLE,FL,32607-2025,0,3,3,1000,196404,1,15,602000000,1,1,201706.0,6,6,1,0,6,3089923.0,3527924.0,3514649.0,T70Z,,Gulf Coast and Pacific Coast Areas,"6031 NW 1ST PL, GAINESVILLE, FL, 32607",29.6534773,-82.3958285
720471369,UNITED WAY OF SOUTHEAST LOUISIANA,% LAURA PAUL,2515 CANAL ST,NEW ORLEANS,LA,70119-6435,0,3,3,1000,195211,1,15,600000000,1,1,201706.0,8,8,1,0,6,22379796.0,19576488.0,19154240.0,T70Z,,Gulf Coast and Pacific Coast Areas,"2515 CANAL ST, NEW ORLEANS, LA, 70119",29.9644797,-90.0850142
720456901,UNITED WAY OF SOUTHWEST LOUISIANA INC,,715 RYAN ST STE 102,LAKE CHARLES,LA,70601-4200,0,3,3,7000,195403,1,15,600927000,5,1,201706.0,7,6,1,0,6,7135157.0,4307206.0,4307206.0,,,Gulf Coast and Pacific Coast Areas,"715 RYAN ST, LAKE CHARLES, LA, 70601",30.226641,-93.21764
741618608,UNITED WAYS OF TEXAS INC,,1910 E MARTIN LUTHER KING JR BLVD,AUSTIN,TX,78702-1243,0,3,3,1000,196904,1,16,602000000,1,1,201712.0,6,5,1,0,12,1038666.0,811249.0,811249.0,T70Z,,Gulf Coast and Pacific Coast Areas,"1910 E MARTIN LUTHER KING JR BLVD, AUSTIN, TX, 78702",30.2801795,-97.7206905299453
590637825,UNITED WAY OF NORTHEAST FLORIDA INC,,40 EAST ADAMS STREET 200,JACKSONVILLE,FL,32202-3353,0,3,3,1000,194106,1,15,927600000,1,1,201706.0,8,8,1,0,6,20303697.0,23346485.0,23069612.0,T70,,Gulf Coast and Pacific Coast Areas,"40 EAST ADAMS STREET 200, JACKSONVILLE, FL, 32202",30.3272078,-81.65676309999998
640826356,UNITED WAY OF SOUTH MISSISSIPPI INC,,11975 SEAWAY ROAD NO B-170,GULFPORT,MS,39503-6079,0,3,3,1000,199308,1,15,600000000,1,1,201803.0,6,6,1,0,3,2532748.0,1468336.0,1468336.0,T70Z,,Gulf Coast and Pacific Coast Areas,"11975 SEAWAY ROAD, GULFPORT, MS, 39503",30.4337018,-89.0343967623564
592104175,UNITED WAYS OF FLORIDA INC,,307 E 7TH AVE,TALLAHASSEE,FL,32303-5520,0,3,3,1000,198108,1,15,600000000,1,1,201706.0,4,6,1,0,6,208083.0,1155458.0,1155458.0,,,Gulf Coast and Pacific Coast Areas,"307 E 7TH AVE, TALLAHASSEE, FL, 32303",30.4578506,-84.2804114
720462338,UNITED WAY OF CENTRAL LOUISIANA INC,,1101 4TH ST STE 202,ALEXANDRIA,LA,71301-8311,0,3,3,1000,197201,1,15,927000000,1,1,201712.0,6,6,1,0,12,1411996.0,1405864.0,1405864.0,,,Gulf Coast and Pacific Coast Areas,"1101 4TH ST, ALEXANDRIA, LA, 71301",31.3113427,-92.4459415
640410475,UNITED WAY OF SOUTHEAST MISSISSIPPI INC,,210 W FRONT ST,HATTIESBURG,MS,39401-3861,0,3,3,1000,195808,1,15,600927602,1,1,201803.0,6,6,1,0,3,1798684.0,1175998.0,1175998.0,T70,,Gulf Coast and Pacific Coast Areas,"210 W FRONT ST, HATTIESBURG, MS, 39401",31.32520499999999,-89.29067889999999
860098932,UNITED WAY OF TUCSON AND SOUTHERN ARIZONA INC,,330 N COMMERCE PARK LOOP,TUCSON,AZ,85745-2789,0,3,3,1000,195804,1,15,927000000,1,1,201706.0,8,8,1,0,6,12325344.0,14357370.0,13271015.0,T70,,Gulf Coast and Pacific Coast Areas,"330 N COMMERCE PARK LOOP, TUCSON, AZ, 85745",32.224714,-110.9848723
753165175,UNITED WAYS OF ALABAMA,% REBECCA WILBURN BOOKER,8 COMMERCE ST STE 1140,MONTGOMERY,AL,36104-3673,0,3,3,1000,200411,1,15,0,1,1,201612.0,6,5,1,0,12,1257793.0,591774.0,591774.0,T30,,Gulf Coast and Pacific Coast Areas,"8 COMMERCE ST, MONTGOMERY, AL, 36104",32.378943,-86.310695
720503930,UNITED WAY OF NORTHWEST LOUISIANA,,820 JORDAN ST STE 370,SHREVEPORT,LA,71101-4500,0,3,3,1000,195607,1,15,602000000,1,1,201612.0,6,6,1,0,12,2314792.0,2023687.0,2023687.0,,,Gulf Coast and Pacific Coast Areas,"820 JORDAN ST, SHREVEPORT, LA, 71101",32.49815,-93.741756
720498515,THE UNITED WAY OF NORTHEAST LOUISIANA INC,,1201 HUDSON LN,MONROE,LA,71201-6005,0,3,3,1000,195708,1,15,600927602,1,1,201706.0,6,6,1,0,6,3609113.0,4761003.0,4706375.0,T70,,Gulf Coast and Pacific Coast Areas,"1201 HUDSON LN, MONROE, LA, 71201",32.5147339,-92.1143501
630288846,UNITED WAY OF CENTRAL ALABAMA INC,,3600 8TH AVENUE SOUTH,BIRMINGHAM,AL,35222-3250,0,3,3,1200,194111,1,15,600059927,1,1,201612.0,9,9,1,0,12,90353699.0,64856431.0,62357836.0,T700,,Gulf Coast and Pacific Coast Areas,"3600 8TH AVENUE SOUTH, BIRMINGHAM, AL, 35222",33.521619,-86.760295
630350957,UNITED WAY OF EAST CENTRAL ALABAMA,,1505 WILMER AVE,ANNISTON,AL,36201-3854,0,3,3,1000,195603,1,15,602000000,1,1,201712.0,6,5,1,0,12,2001610.0,920460.0,920460.0,T70J,,Gulf Coast and Pacific Coast Areas,"1505 WILMER AVE, ANNISTON, AL, 36201",33.665069,-85.828479
586008133,UNITED WAY OF NORTHEAST GEORGIA INC,,1 HUNTINGTON RD STE 805,ATHENS,GA,30606-7216,0,3,3,1000,196504,1,15,600000000,1,1,201612.0,6,6,1,0,12,2631294.0,2436034.0,2436034.0,T70,,Gulf Coast and Pacific Coast Areas,"1 HUNTINGTON RD, ATHENS, GA, 30606",33.947759,-83.463848
941646369,UNITED WAYS OF CALIFORNIA,,1107 FAIR OAKS AVENUE 12,SOUTH PASADENA,CA,91030-3311,0,3,2,1000,196802,1,15,927600000,1,1,201612.0,6,6,1,0,12,1256375.0,2149103.0,2149103.0,S20Z,,Gulf Coast and Pacific Coast Areas,"1107 FAIR OAKS AVENUE 12, SOUTH PASADENA, CA, 91030",34.1136504,-118.15155040000002
640392972,UNITED WAY OF NORTHEAST MISSISSIPPI INC,,213 W MAIN ST STE 110,TUPELO,MS,38804-3909,0,3,3,1000,196503,1,17,927602000,1,1,201709.0,6,6,1,0,9,1972968.0,2257041.0,2257041.0,T70Z,,Gulf Coast and Pacific Coast Areas,"213 W MAIN ST, TUPELO, MS, 38804",34.2503085,-88.7632484
237109243,UNITED WAY OF EASTERN NEW MEXICO INC,,1200 N THORNTON ST STE G,CLOVIS,NM,88101-5508,0,3,3,1000,197109,1,15,927000000,1,1,201612.0,5,5,1,0,12,660639.0,733801.0,733801.0,T70Z,,Gulf Coast and Pacific Coast Areas,"1200 N THORNTON ST, CLOVIS, NM, 88101",34.4176195,-103.214183
630873878,UNITED WAY OF THE NORTHWEST ALABAMA INC,,118 E MOBILE ST STE 300,FLORENCE,AL,35630-4757,0,3,3,1000,199708,1,15,600000000,1,1,201706.0,5,6,1,0,6,961341.0,1088931.0,1088931.0,T70Z,,Gulf Coast and Pacific Coast Areas,"118 E MOBILE ST, FLORENCE, AL, 35630",34.80114925,-87.675490668858
850277138,UNITED WAY OF CENTRAL NEW MEXICO,,2340 ALAMO AVE SE 2ND FLOOR,ALBUQUERQUE,NM,87106-3820,0,3,3,1000,198003,1,15,600602000,1,1,201706.0,8,8,1,0,6,14128678.0,22064847.0,22064847.0,T70Z,,Gulf Coast and Pacific Coast Areas,"2340 ALAMO AVE SE, ALBUQUERQUE, NM, 87106",35.055771,-106.648869
730589829,UNITED WAY OF CENTRAL OKLAHOMA,% PAMELA COX,1444 NW 28TH ST,OKLAHOMA CITY,OK,73106-3430,0,3,3,1000,195208,1,15,600927000,1,1,201712.0,8,8,1,0,12,33800456.0,17259959.0,17252736.0,T70Z,UNITED WAY OF METRO OKLAHOMA CITY,Gulf Coast and Pacific Coast Areas,"1444 NW 28TH ST, OKLAHOMA CITY, OK, 73106",35.4984461,-97.5422116
620590257,UNITED WAY OF WEST TENNESSEE INC,,470 N PARKWAY STE B,JACKSON,TN,38305-2843,0,3,3,1000,196807,1,15,602000000,1,1,201803.0,6,6,1,0,3,3068266.0,1959570.0,1775302.0,T70,,Gulf Coast and Pacific Coast Areas,"470 N PARKWAY, JACKSON, TN, 38305",35.6485591,-88.7886744
560564547,UNITED WAY OF NORTH CAROLINA,% KENYA CHERRY,1130 KILDAIRE FARM RD STE 100,CARY,NC,27511-4561,0,3,3,1000,197511,1,15,600927602,1,1,201612.0,6,6,1,0,12,2392945.0,1226724.0,1226724.0,T70Z,,Mid-Atlantic and Great Lakes Areas,"1130 KILDAIRE FARM RD, CARY, NC, 27511",35.7248551,-78.7777123
716057164,UNITED WAY OF NORTHEAST ARKANSAS,,407 UNION ST,JONESBORO,AR,72401-2834,0,3,3,1000,195901,1,15,927602000,1,1,201712.0,6,5,1,0,12,1016351.0,825792.0,825792.0,T70Z,,Gulf Coast and Pacific Coast Areas,"407 UNION ST, JONESBORO, AR, 72401",35.838365,-90.705803
621773407,UNITED WAYS OF TENNESSEE,% MARY GRAHAM,209 GOTHIC CT STE 107,FRANKLIN,TN,37067-2810,0,3,3,1200,199909,1,15,0,1,1,201712.0,4,4,1,0,12,248284.0,344834.0,344834.0,P20,,Gulf Coast and Pacific Coast Areas,"209 GOTHIC CT, FRANKLIN, TN, 37067",35.952681,-86.8237724
880071328,UNITED WAY OF SOUTHERN NEVADA INC,,5830 W FLAMINGO RD,LAS VEGAS,NV,89103-2301,0,3,3,1000,196511,1,15,602927600,1,1,201706.0,7,8,1,0,6,9445314.0,10937457.0,10937447.0,T70Z,,Gulf Coast and Pacific Coast Areas,"5830 W FLAMINGO RD, LAS VEGAS, NV, 89103",36.1152156,-115.22128980000002
620533104,UNITED WAY OF MIDDLE TENNESSEE INC,% MARY WIGGINS,250 VENTURE CIR,NASHVILLE,TN,37228-1604,0,3,3,1000,197507,1,15,600000000,1,1,201712.0,8,8,1,0,12,33218339.0,29577861.0,26229850.0,T70,,Gulf Coast and Pacific Coast Areas,"250 VENTURE CIR, NASHVILLE, TN, 37228",36.1958544,-86.7956438
710305700,UNITED WAY OF NORTHWEST ARKANSAS INC,,100 PARKWOOD ST,LOWELL,AR,72745-8807,0,3,3,1000,197111,1,15,600000000,1,1,201706.0,6,7,1,0,6,4336008.0,7284004.0,7144801.0,T70,,Gulf Coast and Pacific Coast Areas,"100 PARKWOOD ST, LOWELL, AR, 72745",36.2538413,-94.1389383
731164992,UNITED WAY OF BLACKWELL OKLAHOMA INC,,120 SMAIN,BLACKWELL,OK,74631-0000,0,3,3,1000,199501,1,15,600000000,1,1,201712.0,0,0,2,0,12,0.0,0.0,0.0,T70J,,Gulf Coast and Pacific Coast Areas,"120 SMAIN, BLACKWELL, OK, 74631",36.8035614,-97.28286789999999
540535602,UNITED WAY OF THE VIRGINIA PENINSULA,,11820 FOUNTAIN WAY STE 206,NEWPORT NEWS,VA,23606-4478,0,3,3,2000,194104,1,15,600000000,1,1,201706.0,7,7,1,0,6,7717248.0,5168461.0,4966350.0,T700,,Mid-Atlantic and Great Lakes Areas,"11820 FOUNTAIN WAY, NEWPORT NEWS, VA, 23606",37.0858042,-76.4723218
440556865,UNITED WAY OF SOUTHWEST MISSOURI AND SOUTHEAST KANSAS INC,,3510 E 3RD STREET,JOPLIN,MO,64801-8407,0,3,3,1000,194301,1,15,927000000,1,1,201712.0,6,6,1,0,12,2168398.0,1455819.0,1455819.0,,,Gulf Coast and Pacific Coast Areas,"3510 E 3RD STREET, JOPLIN, MO, 64801",37.087787,-94.470231
611161667,UNITED WAY OF SOUTHEASTERN KENTUCKY INC,,412 ROY CAMPBELL DR,HAZARD,KY,41701-9453,0,3,3,1000,198908,1,15,600994000,1,1,201712.0,2,3,2,0,12,13785.0,29909.0,29909.0,,,Mid-Atlantic and Great Lakes Areas,"412 ROY CAMPBELL DR, HAZARD, KY, 41701",37.272308,-83.230136
540505923,UNITED WAY OF CENTRAL VIRGINIA INC,,1010 MILLER PARK SQ,LYNCHBURG,VA,24501-2755,0,3,3,1000,195811,1,15,927602000,1,1,201706.0,6,6,1,0,6,3204349.0,2487493.0,2422645.0,,,Mid-Atlantic and Great Lakes Areas,"1010 MILLER PARK SQ, LYNCHBURG, VA, 24501",37.4039886,-79.1592083
237166092,HEART OF KENTUCKY UNITED WAY,,118 N 3RD ST,DANVILLE,KY,40422-1632,0,3,3,1000,197202,1,15,927602000,5,1,201706.0,6,6,1,0,6,1380369.0,1148657.0,1148657.0,,,Mid-Atlantic and Great Lakes Areas,"118 N 3RD ST, DANVILLE, KY, 40422",37.649033,-84.7721413
611397560,UNITED WAY OF CENTRAL KENTUCKY INC,,604 N MAIN ST,ELIZABETHTOWN,KY,42701-1223,0,3,3,1000,200203,1,15,0,1,1,201703.0,6,6,1,0,3,1434173.0,1101851.0,1101851.0,P12,,Mid-Atlantic and Great Lakes Areas,"604 N MAIN ST, ELIZABETHTOWN, KY, 42701",37.693255,-85.857779
610435444,UNITED WAY OF THE OHIO VALLEY INC,,403 PARK PLAZA DR,OWENSBORO,KY,42301-5449,0,3,3,1000,193407,1,15,600927328,1,1,201712.0,6,6,1,0,12,2236563.0,1626051.0,1626051.0,T70Z,,Mid-Atlantic and Great Lakes Areas,"403 PARK PLAZA DR, OWENSBORO, KY, 42301",37.750731,-87.116358
237199368,UNITED WAY OF EL DORADO KANSAS INC,,116 W PINE AVE,EL DORADO,KS,67042-3456,0,3,3,1000,197303,1,15,927000000,1,1,201612.0,4,4,1,0,12,470965.0,312869.0,312869.0,,,Gulf Coast and Pacific Coast Areas,"116 W PINE AVE, EL DORADO, KS, 67042",37.8164573,-96.8566638
311106795,UNITED WAY OF KENTUCKY,,334 EAST BROADWAY SUITE 308,LOUISVILLE,KY,40202-1739,0,3,3,1000,198409,1,15,600000000,1,1,201612.0,6,5,1,0,12,2127445.0,617888.0,617888.0,T70Z,,Mid-Atlantic and Great Lakes Areas,"334 EAST BROADWAY, LOUISVILLE, KY, 40202",38.2448541,-85.7478006584632
371149287,UNITED WAY OF SOUTH CENTRAL ILLINOIS,,802 S 42ND ST,MOUNT VERNON,IL,62864-6260,0,3,3,1000,198411,1,15,600000000,1,1,201612.0,5,5,1,0,12,753030.0,668458.0,256050.0,T70Z,,Mid-Atlantic and Great Lakes Areas,"802 S 42ND ST, MOUNT VERNON, IL, 62864",38.3072921,-88.9421797
480683479,UNITED WAY OF CENTRAL KANSAS INC,,1125 WILLIAMS ST,GREAT BEND,KS,67530-4445,0,3,3,1000,201604,1,15,600927602,1,1,201612.0,4,4,1,0,12,151319.0,283029.0,283029.0,T70,,Gulf Coast and Pacific Coast Areas,"1125 WILLIAMS ST, GREAT BEND, KS, 67530",38.379119,-98.766463
941225382,UNITED WAY CALIFORNIA CAPITAL REGION,,10389 OLD PLACERVILLE RD,SACRAMENTO,CA,95827-2506,0,3,3,1000,197105,1,15,602000000,1,1,201706.0,7,8,1,0,6,7241534.0,10444566.0,10390522.0,T70Z,,Gulf Coast and Pacific Coast Areas,"10389 OLD PLACERVILLE RD, SACRAMENTO, CA, 95827",38.55684,-121.337917
200246588,UNITED WAY OF CENTRAL MISSOURI FOUNDATION,% LINDA MCANANY,205 ALAMEDA DR,JEFFERSON CTY,MO,65109-1058,0,3,3,1000,200310,1,15,0,1,1,201712.0,5,4,1,0,12,826168.0,145674.0,37107.0,P12,,Gulf Coast and Pacific Coast Areas,"205 ALAMEDA DR, JEFFERSON CTY, MO, 65109",38.5893847,-92.2484739
440595184,UNITED WAY OF CENTRAL MISSOURI INC,,205 ALAMEDA DR,JEFFERSON CTY,MO,65109-1058,0,3,3,1000,195611,1,15,600000000,5,1,201712.0,6,6,1,0,12,3181217.0,2068503.0,2042505.0,T70Z,,Gulf Coast and Pacific Coast Areas,"205 ALAMEDA DR, JEFFERSON CTY, MO, 65109",38.5893847,-92.2484739
440545812,UNITED WAY OF GREATER KANSAS CITY INC,% MICHELLE HOGERTY,801 W 47TH ST STE 500,KANSAS CITY,MO,64112-1239,0,3,3,1000,194712,1,15,600000000,1,1,201704.0,8,8,1,0,4,33208887.0,33886699.0,31627977.0,,,Gulf Coast and Pacific Coast Areas,"801 W 47TH ST, KANSAS CITY, MO, 64112",39.0423986,-94.5972172
550403123,UNITED WAY ALLIANCE OF THE MID OHIO VALLEY INC,,935 MARKET ST,PARKERSBURG,WV,26101-4736,0,3,3,1000,196105,1,15,600927602,1,1,201706.0,5,5,1,0,6,936688.0,932495.0,756399.0,T12,,Mid-Atlantic and Great Lakes Areas,"935 MARKET ST, PARKERSBURG, WV, 26101",39.2689255,-81.5548956
520591543,THE UNITED WAY OF CENTRAL MARYLAND INC,,1800 WASHINGTON BLVD STE 340,BALTIMORE,MD,21230-1732,0,3,3,1000,192704,1,15,600000000,1,1,201706.0,8,9,1,0,6,38383827.0,65420183.0,37110800.0,T700,,Mid-Atlantic and Great Lakes Areas,"1800 WASHINGTON BLVD, BALTIMORE, MD, 21230",39.27639345,-76.6444629896203
880059327,UNITED WAY OF NORTHERN NEVADA AND THE SIERRA,% NA,639 ISBELL RD STE 460,RENO,NV,89509-4979,0,3,3,1000,196307,1,15,600927000,1,1,201706.0,6,6,1,0,6,1005031.0,1399130.0,1399130.0,T70Z,,Gulf Coast and Pacific Coast Areas,"639 ISBELL RD, RENO, NV, 89509",39.492834,-119.799465
870374334,UNITED WAY OF EASTERN UTAH,,67 E MAIN ST,PRICE,UT,84501-3031,0,3,3,1000,198112,1,15,600000000,1,1,201706.0,3,4,1,0,6,88335.0,119580.0,117257.0,P20,,Gulf Coast and Pacific Coast Areas,"67 E MAIN ST, PRICE, UT, 84501",39.594865,-110.7906843
510073399,UNITED WAY OF DELAWARE INC,,625 N ORANGE ST FL 3,WILMINGTON,DE,19801-2250,0,3,3,1000,194803,1,15,600927000,1,1,201706.0,8,8,1,0,6,13927136.0,15723912.0,15690775.0,T700,,Mid-Atlantic and Great Lakes Areas,"625 N ORANGE ST, WILMINGTON, DE, 19801",39.7416814,-75.5520512
370716060,UNITED WAY OF CENTRAL ILLINOIS INC,,1999 WABASH AVE STE 107,SPRINGFIELD,IL,62704-5375,0,3,3,1000,194203,1,15,600602000,1,1,201612.0,7,6,1,0,12,7813584.0,3138551.0,2439502.0,T70Z,,Mid-Atlantic and Great Lakes Areas,"1999 WABASH AVE, SPRINGFIELD, IL, 62704",39.7640782,-89.6851149
351007590,UNITED WAY OF CENTRAL INDIANA INC,,2955 N MERIDIAN ST SUITE 300,INDIANAPOLIS,IN,46208-4714,0,3,3,1000,193803,1,15,600000000,1,1,201706.0,9,9,1,0,6,184305381.0,151218317.0,74979567.0,T700,,Mid-Atlantic and Great Lakes Areas,"2955 N MERIDIAN ST, INDIANAPOLIS, IN, 46208",39.8194045,-86.1567968
351441961,INDIANA ASSOCIATION OF UNITED WAYS INCORPORATED,,3901 N MERIDIAN ST STE 306,INDIANAPOLIS,IN,46208-4026,0,3,3,1000,199101,1,17,600000000,1,1,201612.0,8,6,1,0,12,10615717.0,2790003.0,2790003.0,T700,,Mid-Atlantic and Great Lakes Areas,"3901 N MERIDIAN ST, INDIANAPOLIS, IN, 46208",39.8194045,-86.1567968
370673475,UNITED WAY OF DECATUR AND MID ILLINOIS,% MELINDA M HAWBAKER EXECUTIVE DIR,201 W ELDORADO ST,DECATUR,IL,62522-2112,0,3,3,1000,195412,1,15,927602600,1,1,201706.0,6,6,1,0,6,2794206.0,1888949.0,1865802.0,T70,,Mid-Atlantic and Great Lakes Areas,"201 W ELDORADO ST, DECATUR, IL, 62522",39.845237,-88.989579
314393712,UNITED WAY OF CENTRAL OHIO INC,,360 S 3RD ST,COLUMBUS,OH,43215-5412,0,3,3,1000,195211,1,15,927600000,1,1,201803.0,8,8,1,0,3,37629725.0,48393331.0,48393331.0,T700,,Mid-Atlantic and Great Lakes Areas,"360 S 3RD ST, COLUMBUS, OH, 43215",39.923443,-82.994101
231556045,UNITED WAY OF GREATER PHILADELPHIA AND SOUTHERN NEW JERSEY,% KAREN CLEARY,1709 BENJAMIN FRANKLIN,PHILADELPHIA,PA,19103-1206,3293,3,6,1200,199107,1,15,123000000,1,1,201706.0,9,9,1,0,6,102965625.0,69040685.0,58538450.0,T700,,Mid-Atlantic and Great Lakes Areas,"1709 BENJAMIN FRANKLIN, PHILADELPHIA, PA, 19103",39.95614,-75.16805
651241811,UNITED WAY OF SOUTHEASTERN PENNSYLVANIA,% JAMES F CAWLEY,1709 BENJAMIN FRANKLIN PARKWAY,PHILADELPHIA,PA,19103-1206,3293,3,9,1200,0,1,15,0,5,1,201806.0,0,0,2,0,6,0.0,0.0,0.0,,STRATEGIC COMMUNITY SOLUTIONS,Mid-Atlantic and Great Lakes Areas,"1709 BENJAMIN FRANKLIN PARKWAY, PHILADELPHIA, PA, 19103",39.95664075,-75.1681985808987
314379529,OHIO UNITED WAY,,395 E BROAD STREET,COLUMBUS,OH,43215-3844,0,3,3,1000,194901,1,15,59000000,1,1,201712.0,4,5,1,0,12,270228.0,542060.0,542060.0,T70Z,,Mid-Atlantic and Great Lakes Areas,"395 E BROAD STREET, COLUMBUS, OH, 43215",39.965593,-82.971458
550479446,UNITED WAY OF THE UPPER OHIO VALLEY INC,,1307 CHAPLINE ST,WHEELING,WV,26003-3318,0,3,3,1000,196605,1,15,600000000,1,1,201703.0,6,6,1,0,3,3206887.0,3841351.0,1060564.0,T70Z,,Mid-Atlantic and Great Lakes Areas,"1307 CHAPLINE ST, WHEELING, WV, 26003",40.0631215,-80.7206648
236684378,UNITED WAY ENDOWMENT FUND OF CARLISLE PENNSYLVANIA,% M & T TRUST CO,145 S HANOVER ST,CARLISLE,PA,17013-3437,0,3,3,1000,198912,1,17,602922000,2,1,201706.0,6,6,1,0,6,2483963.0,1382489.0,167107.0,,FARMERS TRUST CO TTEE,Mid-Atlantic and Great Lakes Areas,"145 S HANOVER ST, CARLISLE, PA, 17013",40.2013658,-77.1891339
942851681,UNITED WAY OF CENTRAL AND SOUTHERN UTAH,,148 N 100 W,PROVO,UT,84601-2802,0,3,3,1000,198212,1,15,600000000,1,1,201706.0,6,6,1,0,6,2344249.0,3837144.0,3743667.0,,,Gulf Coast and Pacific Coast Areas,"148 N 100 W, PROVO, UT, 84601",40.241681,-111.6604531
231672348,UNITED WAY OF PENNSYLVANIA,,909 GREEN STREET,HARRISBURG,PA,17102-2927,0,3,3,1200,196703,1,15,59179000,1,1,201712.0,4,4,1,0,12,408574.0,443225.0,443225.0,T70Z,,Mid-Atlantic and Great Lakes Areas,"909 GREEN STREET, HARRISBURG, PA, 17102",40.2664498,-76.8876522
470402359,UNITED WAY OF SOUTH CENTRAL NEBRASKA INC,,301 S BURLINGTON AVE,HASTINGS,NE,68901-5936,0,3,3,1000,197210,1,15,600927602,1,1,201712.0,5,5,1,0,12,889209.0,553517.0,545638.0,T70Z,,Mid-Atlantic and Great Lakes Areas,"301 S BURLINGTON AVE, HASTINGS, NE, 68901",40.56795,-98.392573
310641236,UNITED WAY OF NORTH CENTRAL OHIO INC,,125 EXECUTIVE DR STE 100,MARION,OH,43302-6302,0,3,3,1000,196305,1,15,600000000,1,1,201706.0,6,6,1,0,6,1846439.0,2301893.0,2301893.0,,,Mid-Atlantic and Great Lakes Areas,"125 EXECUTIVE DR, MARION, OH, 43302",40.5699234,-83.1272995
370661504,HEART OF ILLINOIS UNITED WAY INC,,509 W HIGH ST,PEORIA,IL,61606-1924,0,3,3,1000,196408,1,15,600927000,1,1,201706.0,8,8,1,0,6,16774798.0,12805778.0,12805778.0,,,Mid-Atlantic and Great Lakes Areas,"509 W HIGH ST, PEORIA, IL, 61606",40.6980672,-89.6012458
132617681,UNITED WAY OF NEW YORK CITY,,205 EAST 42ND STREET,NEW YORK,NY,10017-5773,0,3,3,1000,196810,1,15,602000000,1,1,201706.0,8,9,1,0,6,35875990.0,70177864.0,62476395.0,T700,,Northeast Area,"205 EAST 42ND STREET, NEW YORK, NY, 10017",40.750664,-73.9737941
221487247,UNITED WAY OF NORTHERN NEW JERSEY INC,,222 RIDGEDALE AVENUE,CEDAR KNOLLS,NJ,07927-2110,0,3,3,1000,195010,1,15,602000000,1,1,201706.0,7,8,1,0,6,8219404.0,10991917.0,10644409.0,T700,,Northeast Area,"222 RIDGEDALE AVENUE, CEDAR KNOLLS, NJ, 07927",40.810011,-74.458942
222558181,UNITED WAYS OF NEW JERSEY INC,% UNITED WAY OF MONMOUTH COUNTY,16 WING DRIVE SUITE 201,CEDAR KNOLLS,NJ,07927-1007,0,3,3,1000,198608,1,16,602600000,1,1,201806.0,0,0,2,0,6,0.0,0.0,0.0,,,Northeast Area,"16 WING DRIVE, CEDAR KNOLLS, NJ, 07927",40.832346,-74.448056
870224251,UNITED WAY OF NORTHERN UTAH,,2955 HARRISON BLVD STE 201,OGDEN,UT,84403-0984,0,3,3,1000,197206,1,15,600000000,1,1,201612.0,7,6,1,0,12,7324997.0,2541820.0,2541820.0,T70Z,,Gulf Coast and Pacific Coast Areas,"2955 HARRISON BLVD, OGDEN, UT, 84403",41.2369968,-111.9461114
240831490,UNITED WAY OF WYOMING VALLEY,,100 N PENNSYLVANIA AVE 2ND,WILKESBARRE,PA,18701-3503,0,3,3,1000,195804,1,15,602000000,1,1,201706.0,8,7,1,0,6,15900974.0,6627415.0,5037772.0,T70Z,,Mid-Atlantic and Great Lakes Areas,"100 N PENNSYLVANIA AVE 2ND, WILKESBARRE, PA, 18701",41.24546,-75.87689
362615431,UNITED WAY OF ILLINOIS VALLEY INC,,1157 1ST ST,LA SALLE,IL,61301-2605,0,3,3,1000,196901,1,15,600927602,1,1,201703.0,4,4,1,0,3,331141.0,334300.0,334300.0,T70Z,,Mid-Atlantic and Great Lakes Areas,"1157 1ST ST, LA SALLE, IL, 61301",41.328599,-89.0899238
60646577,UNITED WAY OF WESTERN CONNECTICUT INC,,301 MAIN STREET NO 2-5,DANBURY,CT,06810-5861,0,3,3,1000,194207,1,15,600927602,1,1,201706.0,6,7,1,0,6,4574333.0,6253136.0,5937125.0,T70,,Northeast Area,"301 MAIN STREET, DANBURY, CT, 06810",41.3967195,-73.4544150969485
830233314,UNITED WAY OF SOUTHWEST WYOMING,,510 S MAIN ST,ROCK SPRINGS,WY,82901-6350,0,3,3,1000,197708,1,15,600000000,1,1,201706.0,6,6,1,0,6,2747805.0,1404749.0,1396742.0,T70,,Gulf Coast and Pacific Coast Areas,"510 S MAIN ST, ROCK SPRINGS, WY, 82901",41.5862341,-109.2208497
420680425,UNITED WAY OF CENTRAL IOWA,% UNIT,1111 9TH ST STE 100,DES MOINES,IA,50314-2527,0,3,3,1000,193805,1,16,600000000,1,1,201706.0,8,8,1,0,6,36821684.0,28736317.0,27983776.0,,,Mid-Atlantic and Great Lakes Areas,"1111 9TH ST, DES MOINES, IA, 50314",41.5876621,-93.6292346
60653262,UNITED WAY OF WEST CENTRAL CONNECTICUT,,10 MAIN ST,BRISTOL,CT,06010-6527,0,3,3,1000,196211,1,16,927000000,1,1,201706.0,6,5,1,0,6,1774871.0,967814.0,811209.0,T70Z,,Northeast Area,"10 MAIN ST, BRISTOL, CT, 06010",41.670981,-72.9430217
61084194,UNITED WAY OF CONNECTICUT,% UNIT,1344 SILAS DEANE HWY,ROCKY HILL,CT,06067-1342,0,3,3,1000,198504,1,15,569000000,1,1,201706.0,7,8,1,0,6,6933285.0,18057102.0,18057102.0,T70Z,,Northeast Area,"1344 SILAS DEANE HWY, ROCKY HILL, CT, 06067",41.68038,-72.65347
50276059,UNITED WAY OF RHODE ISLAND INC,,50 VALLEY STREET,PROVIDENCE,RI,02909-2496,0,3,3,1000,195508,1,15,600000000,1,1,201706.0,8,8,1,0,6,18057151.0,26220879.0,18053871.0,T700,,Northeast Area,"50 VALLEY STREET, PROVIDENCE, RI, 02909",41.8227183,-71.4398768
470424788,UNITED WAY OF WESTERN NEBRASKA,,1517 BROADWAY,SCOTTSBLUFF,NE,69361-3184,0,3,3,1000,197305,1,15,602000000,1,1,201706.0,5,5,1,0,6,526379.0,603210.0,508873.0,,,Mid-Atlantic and Great Lakes Areas,"1517 BROADWAY, SCOTTSBLUFF, NE, 69361",41.8527008,-103.662437
420861239,UNITED WAY OF EAST CENTRAL IOWA,% WENDY PARKER,317 7TH AVE SE STE 401,CEDAR RAPIDS,IA,52401-2007,0,3,3,1000,196305,1,15,600000000,1,1,201706.0,8,8,1,0,6,22762158.0,10357620.0,10109041.0,T70,,Mid-Atlantic and Great Lakes Areas,"317 7TH AVE SE, CEDAR RAPIDS, IA, 52401",41.9743068,-91.6623891
381358411,UNITED WAY OF SOUTHWEST MICHIGAN,,2015 LAKEVIEW AVE,ST JOSEPH,MI,49085-1648,0,3,3,1000,194501,1,15,602000000,1,1,201712.0,7,7,1,0,12,8118257.0,6150225.0,4645660.0,T70Z,,Mid-Atlantic and Great Lakes Areas,"2015 LAKEVIEW AVE, ST JOSEPH, MI, 49085",42.09019,-86.490362
42104017,UNITED WAY OF CENTRAL MASSACHUSETTS INC,% JAMES HAYES,484 MAIN ST STE 300,WORCESTER,MA,01608-1817,0,3,3,1000,196310,1,16,927600000,1,1,201706.0,8,8,1,0,6,10452160.0,11460997.0,7356714.0,,,Northeast Area,"484 MAIN ST, WORCESTER, MA, 01608",42.264066,-71.801912
362218134,UNITED WAY OF NORTHWEST ILLINOIS INC,,524 W STEPHENSON ST,FREEPORT,IL,61032-5057,0,3,3,1000,195011,1,15,600927000,1,1,201706.0,5,5,1,0,6,908395.0,835137.0,678950.0,T70Z,,Mid-Atlantic and Great Lakes Areas,"524 W STEPHENSON ST, FREEPORT, IL, 61032",42.2942358,-89.6513994
362962458,UNITED WAY OF ILLINOIS INC,,4508 PRIME PKWY,MCHENRY,IL,60050-7004,0,3,3,1000,197808,1,15,600603995,1,1,201806.0,3,3,1,0,6,34422.0,79514.0,79514.0,T700,,Mid-Atlantic and Great Lakes Areas,"4508 PRIME PKWY, MCHENRY, IL, 60050",42.3080525,-88.2879251
203099071,UNITED WAY FOR SOUTHEASTERN MICHIGAN,,660 WOODWARD AVE STE 300,DETROIT,MI,48226-3504,0,3,3,1000,200510,1,15,0,1,1,201706.0,9,9,1,0,6,77653788.0,79831689.0,60221210.0,M20,,Mid-Atlantic and Great Lakes Areas,"660 WOODWARD AVE, DETROIT, MI, 48226",42.3310799,-83.0460237
42382233,UNITED WAY OF MASSACHUSETTS BAY INC,% GREAT-WEST TRUST COMPANY LLC,51 SLEEPER STREET,BOSTON,MA,02210-1276,0,3,3,2000,196508,1,15,927602000,1,1,201706.0,9,9,1,0,6,59773831.0,50744452.0,42492819.0,T700,,Northeast Area,"51 SLEEPER STREET, BOSTON, MA, 02210",42.35252525,-71.0484933013639
43138780,UNITED WAYS OF MASSACHUSETTS INC,% UNITED WAY OF MASSACHUSETTS BAY,51 SLEEPER STREET,BOSTON,MA,02210-1276,0,3,3,1000,199302,1,15,205600000,1,1,201712.0,0,0,2,0,12,0.0,0.0,0.0,,,Northeast Area,"51 SLEEPER STREET, BOSTON, MA, 02210",42.35252525,-71.0484933013639
160929038,UNITED WAY OF DELAWARE & OTSEGOCOS INC,,31 MAPLE ST,ONEONTA,NY,13820-1940,0,3,3,1000,196902,1,16,600000000,1,1,201712.0,4,4,1,0,12,217268.0,128304.0,125737.0,T70Z,,Northeast Area,"31 MAPLE ST, ONEONTA, NY, 13820",42.461084,-75.059059
381359596,MICHIGAN ASSOCIATION OF UNITED WAYS INC,,330 MARSHALL ST STE 211,LANSING,MI,48912-2319,0,3,3,1000,195806,1,15,600000000,1,1,201706.0,6,6,1,0,6,2031169.0,2981736.0,2975523.0,T70Z,,Mid-Atlantic and Great Lakes Areas,"330 MARSHALL ST, LANSING, MI, 48912",42.7407182,-84.5259971
141705108,UNITED WAY OF NEW YORK STATE,,800 TROY SCHENECTADY RD,LATHAM,NY,12110-2424,0,3,3,1000,199112,1,16,995600603,1,1,201612.0,4,4,1,0,12,385486.0,460085.0,460085.0,T70Z,,Northeast Area,"800 TROY SCHENECTADY RD, LATHAM, NY, 12110",42.7524524,-73.7674281
381360923,HEART OF WEST MICHIGAN UNITED WAY,% GAIL MONTGOMERY,118 COMMERCE AVE SW,GRAND RAPIDS,MI,49503-4106,0,3,3,1000,196112,1,15,600000000,1,1,201706.0,8,8,1,0,6,25408902.0,24494754.0,14330651.0,T700,,Mid-Atlantic and Great Lakes Areas,"118 COMMERCE AVE SW, GRAND RAPIDS, MI, 49503",42.959692,-85.6691
20452122,UNITED WAYS OF NEW HAMPSHIRE,% UNITED WAY OF MERRIMACK COUNTY,22 CONCORD ST STE 2,MANCHESTER,NH,03101-1817,0,3,3,1000,199908,1,17,0,1,1,201707.0,1,0,2,0,7,791.0,0.0,0.0,P12,,Northeast Area,"22 CONCORD ST, MANCHESTER, NH, 03101",42.992738,-71.446337
391609340,UNITED WAY OF WISCONSIN INC,,2059 ATWOOD AVE,MADISON,WI,53704-6608,0,3,3,1000,198905,1,16,408000000,1,1,201712.0,4,4,1,0,12,343151.0,436762.0,436762.0,T70Z,,Mid-Atlantic and Great Lakes Areas,"2059 ATWOOD AVE, MADISON, WI, 53704",43.0889469,-89.3287869
16004866,UNITED WAY OF MID COAST MAINE INC,,34 WING FARM PKWY STE 201,BATH,ME,04530-1551,0,3,3,1000,195805,1,15,927602000,1,1,201806.0,6,6,1,0,6,2576896.0,1933267.0,1933267.0,,,Northeast Area,"34 WING FARM PKWY, BATH, ME, 04530",43.91461,-69.835911
150543356,THE UNITED WAY OF NORTHERN NEW YORK INC,,200 WASHINGTON ST SUITE 402A,WATERTOWN,NY,13601-3307,0,3,3,1000,194210,1,15,600000000,1,1,201712.0,6,6,1,0,12,2214401.0,1656976.0,1098332.0,,,Northeast Area,"200 WASHINGTON ST, WATERTOWN, NY, 13601",43.97392885,-75.9115510317301
30217229,UNITED WAY OF NORTHWEST VERMONT INC,% ROGER MONETTE,412 FARRELL ST STE 200,S BURLINGTON,VT,05403-4466,0,3,3,1000,196603,1,15,600602000,1,1,201703.0,7,7,1,0,3,6288490.0,5801675.0,5584486.0,T70Z,COHEN JAMES,Northeast Area,"412 FARRELL ST, S BURLINGTON, VT, 05403",44.446262,-73.204443
300192082,UNITED WAYS OF VERMONT,% MARYELLEN MENAL,64 PEARL ST,ESSEX JCT,VT,05452-3620,0,3,3,1000,200310,1,15,0,1,1,201703.0,3,5,1,0,3,74921.0,941341.0,941341.0,T127,,Northeast Area,"64 PEARL ST, ESSEX JCT, VT, 05452",44.49276,-73.11837
10233280,UNITED WAY OF MID-MAINE INC,,105 KENNEDY MEMORIAL DR,WATERVILLE,ME,04901-5131,0,3,3,1000,196701,1,15,600000000,1,1,201806.0,5,5,1,0,6,973882.0,690708.0,688129.0,T70Z,,Northeast Area,"105 KENNEDY MEMORIAL DR, WATERVILLE, ME, 04901",44.5436705,-69.6675845
381679060,UNITED WAY OF NORTHWEST MICHIGAN,,202 EAST GRANDVIEW PARKWAY,TRAVERSE CITY,MI,49684-2610,0,3,3,1000,197106,1,15,602561000,1,1,201712.0,5,5,1,0,12,534167.0,513487.0,503450.0,T70Z,,Mid-Atlantic and Great Lakes Areas,"202 EAST GRANDVIEW PARKWAY, TRAVERSE CITY, MI, 49684",44.76500605,-85.6206310372985
10211478,UNITED WAY OF EASTERN MAINE,,700 MAIN ST STE 1,BANGOR,ME,04401-6800,0,3,1,1000,195909,1,15,600902927,1,1,201706.0,7,6,1,0,6,5491898.0,2438155.0,2426029.0,T700,,Northeast Area,"700 MAIN ST, BANGOR, ME, 04401",44.7815871,-68.7817343
381608840,UNITED WAY OF NORTHEAST MICHIGAN,,701 WOODWARD AVE,ALPENA,MI,49707-7822,0,3,3,1000,195907,1,15,318000000,1,1,201712.0,4,4,1,0,12,420556.0,233162.0,233162.0,T70Z,,Mid-Atlantic and Great Lakes Areas,"701 WOODWARD AVE, ALPENA, MI, 49707",45.094346,-83.4416083
410915124,UNITED WAY OF CENTRAL MINNESOTA,,921 1ST ST N STE 200,SAINT CLOUD,MN,56303-4602,0,3,3,1000,196706,1,15,600000000,1,1,201706.0,6,7,1,0,6,4966585.0,5022433.0,4015184.0,,,Mid-Atlantic and Great Lakes Areas,"921 1ST ST N, SAINT CLOUD, MN, 56303",45.5549018,-94.1756135
910639892,UNITED WAY OF CENTRAL WASHINGTON,,116 S 4TH ST,YAKIMA,WA,98901-2902,0,3,3,1000,197111,1,15,600927602,1,1,201706.0,5,6,1,0,6,941534.0,1307575.0,1307575.0,,,Gulf Coast and Pacific Coast Areas,"116 S 4TH ST, YAKIMA, WA, 98901",46.5982594,-120.4991646
911726189,UNITED WAY OF CENTRAL WASHINGTON FOUNDATION,% GLEN D PHILLIPS,116 S 4TH ST,YAKIMA,WA,98901-2902,0,3,3,1000,199610,1,17,994600000,1,1,201709.0,6,4,1,0,9,1552065.0,221387.0,50430.0,T70,,Gulf Coast and Pacific Coast Areas,"116 S 4TH ST, YAKIMA, WA, 98901",46.5982594,-120.4991646
410908454,UNITED WAY OF NORTHEASTERN MINNESOTA INC,,229 W LAKE ST,CHISHOLM,MN,55719-1715,0,3,3,1000,196611,1,15,600927602,1,1,201703.0,6,6,1,0,3,3040935.0,2067593.0,1977072.0,,,Mid-Atlantic and Great Lakes Areas,"229 W LAKE ST, CHISHOLM, MN, 55719",47.4895371,-92.886825
920103202,UNITED WAY OF SOUTHEAST ALASKA,,3225 HOSPITAL DR UNIT 106,JUNEAU,AK,99801-7863,0,3,3,1000,198703,1,15,600000000,1,1,201708.0,4,4,1,0,8,204557.0,443044.0,436692.0,T70Z,,Gulf Coast and Pacific Coast Areas,"3225 HOSPITAL DR, JUNEAU, AK, 99801",58.3283042,-134.4659135
371105066,WASHINGTON TOWNSHIP UNITED WAY,% MIKE HILLARY,1842 AUTUMN RDG,WASHINGTON,IL,61571-9489,0,3,3,1000,198201,1,9,998000000,1,1,201706.0,3,2,2,0,6,44573.0,16075.0,16075.0,T70Z,,Mid-Atlantic and Great Lakes Areas,"1842 AUTUMN RDG, WASHINGTON, IL, 61571",40.7327606,-89.44019739999999
391212595,UNITED WAY OF INNER WISCONSIN INC,,351 OAK ST,WISC RAPIDS,WI,54494-4362,0,3,3,1000,196510,1,15,600000000,1,1,201712.0,6,5,1,0,12,4192473.0,961207.0,833847.0,T70Z,,Mid-Atlantic and Great Lakes Areas,"351 OAK ST, WISC RAPIDS, WI, 54494",44.390535,-89.82278969999999
530234290,UNITED WAY OF THE NATIONAL CAPITAL AREA,,1577 SPRING HILL RD STE 420,VIENNA,VA,22182-2223,0,3,3,1000,197409,1,15,600000000,1,1,201706.0,8,8,1,0,6,39131773.0,37912275.0,32930288.0,T700,,Mid-Atlantic and Great Lakes Areas,"1577 SPRING HILL RD, VIENNA, VA, 22182",38.9273664,-77.24240880000002
540560586,UNITED WAY OF VIRGINIA,% ANN MYERS,3310 SHANNON PARK DR,FREDERICKSBRG,VA,22408-2379,0,3,3,1200,196506,1,15,927059279,1,1,201806.0,0,0,2,0,6,0.0,0.0,0.0,,,Mid-Atlantic and Great Lakes Areas,"3310 SHANNON PARK DR, FREDERICKSBRG, VA, 22408",38.2704347,-77.44737069999996
540718860,UNITED WAY OF SOUTHWEST VIRGINIA,,1096 OLE BERRY DRIVE,ABINGDON,VA,24210-4745,0,3,3,1000,196810,1,15,600000000,1,1,201712.0,6,6,1,0,12,3025361.0,2174791.0,2174791.0,T70Z,,Mid-Atlantic and Great Lakes Areas,"1096 OLE BERRY DRIVE, ABINGDON, VA, 24210",36.6954924,-82.0088207
550402755,UNITED WAY OF CENTRAL WEST VIRGINIA INC,,1 UNITED WAY SQ,CHARLESTON,WV,25301-1000,0,3,3,1000,195807,1,15,600000000,1,1,201706.0,6,6,1,0,6,3161805.0,4493134.0,4160635.0,T70,,Mid-Atlantic and Great Lakes Areas,"1 UNITED WAY SQ, CHARLESTON, WV, 25301",38.3547974,-81.63052249999998
570515275,UNITED WAY ASSOCIATION OF SOUTH CAROLINA INC,,400 ARBOR LAKE DR STE B500,COLUMBIA,SC,29223-4570,0,3,3,1000,197005,1,15,600000000,1,1,201712.0,6,8,1,0,12,2739478.0,13385599.0,13385599.0,T70Z,,Mid-Atlantic and Great Lakes Areas,"400 ARBOR LAKE DR, COLUMBIA, SC, 29223",34.0626017,-80.9879257
430735827,HEART OF MISSOURI UNITED WAY INC,,1700 E POINTE DR,COLUMBIA,MO,65201-6987,0,3,3,1000,195803,1,15,600927602,1,1,201712.0,6,6,1,0,12,4229917.0,2617109.0,2608984.0,,,Gulf Coast and Pacific Coast Areas,"1700 E POINTE DR, COLUMBIA, MO, 65201",38.9295102,-92.29821120000003
430991233,UNITED WAY OF SOUTHEAST MISSOURI,,1417D N MOUNT AUBURN RD,CPE GIRARDEAU,MO,63701-2171,0,3,3,1000,195608,1,15,600927602,5,1,201706.0,6,5,1,0,6,1464763.0,983749.0,786549.0,T700,,Gulf Coast and Pacific Coast Areas,"1417D N MOUNT AUBURN RD, CPE GIRARDEAU, MO, 63701",37.3289364,-89.5729733
